N,Working_Set_KB,Iterative_mean_ns,Precomputed_mean_ns,Tau_Iterative_ns,Tau_Precomputed_ns
2,0.03,16.53,23.17,8.2652,11.5852
4,0.06,42.28,60.37,5.2856,7.5457
8,0.12,94.19,159.84,3.9244,6.6599
16,0.25,223.64,410.75,3.4944,6.4180
32,0.50,548.94,1033.64,3.4309,6.4602
64,1.00,1262.68,2445.77,3.2882,6.3692
128,2.00,2898.44,5684.71,3.2349,6.3445
256,4.00,6832.68,16733.90,3.3363,8.1708
512,8.00,15535.44,30724.15,3.3714,6.6676
1024,16.00,34156.71,66257.10,3.3356,6.4704
2048,32.00,72377.01,142960.37,3.2128,6.3459
4096,64.00,156722.61,311161.47,3.1885,6.3306
8192,128.00,336043.28,673212.65,3.1555,6.3215
16384,256.00,721409.28,1450950.88,3.1451,6.3256
32768,512.00,1546018.40,3112896.47,3.1454,6.3332
65536,1024.00,3358642.47,6685231.00,3.2031,6.3755
131072,2048.00,7864390.88,14592518.25,3.5294,6.5489
262144,4096.00,15869356.12,30527455.88,3.3632,6.4696
524288,8192.00,38172418.50,70580545.50,3.8320,7.0854
1048576,16384.00,96844100.50,171436765.75,4.6179,8.1747
